City_ID,City,Lat,Lng,Max Temp,Humidity,Cloudiness,Wind Speed,Country,Date
0,kathu,7.9178,98.3332,23.9,83,13,4.71,TH,1704754012
1,argo,37.6333,22.7333,9.32,80,89,1.09,GR,1704754012
2,egilsstadir,65.2653,-14.3948,5.95,65,0,4.12,IS,1704754013
3,macapa,0.0389,-51.0664,25.57,88,99,4.07,BR,1704754013
4,atafu village,-8.5421,-172.5159,29.01,71,10,3.59,TK,1704754014
5,plastun,44.7561,136.2939,-11.53,71,100,2.82,RU,1704754014
6,vernon,50.2581,-119.2691,-0.39,71,100,2.06,CA,1704753742
7,soure,-0.7167,-48.5233,26.85,85,100,5.89,BR,1704753778
8,puerto ayora,-0.7393,-90.3518,29.98,93,91,3.13,EC,1704754015
9,port-aux-francais,-49.35,70.2167,5.07,80,93,10.78,TF,1704754016
10,cambria,35.5641,-121.0808,15.23,60,3,1.79,US,1704754016
11,yingchuan,34.1628,113.4639,4.99,61,67,2.6,CN,1704754017
12,edinburgh of the seven seas,-37.0676,-12.3116,18.53,93,100,12.74,SH,1704754017
13,adamstown,-25.066,-130.1015,23.63,83,100,6.22,PN,1704754018
14,rockford,42.2711,-89.094,1.97,80,100,3.6,US,1704753841
15,waitangi,-43.9535,-176.5597,17.68,87,100,9.78,NZ,1704754018
16,brookings,44.3114,-96.7984,-5.86,92,100,5.14,US,1704753858
17,castro de rei,42.7167,-7.5667,1.71,98,100,0.68,ES,1704754019
18,west island,-12.1568,96.8225,26.99,83,40,7.2,CC,1704754020
19,tahe,52.3333,124.7333,-25.67,93,13,2.04,CN,1704754020
20,dzhalagash,45.0833,64.6667,1.98,74,85,1.82,KZ,1704754021
21,kailua-kona,19.6406,-155.9956,27.98,75,20,11.83,US,1704754021
22,avarua,-21.2078,-159.775,28.03,78,75,7.72,CK,1704754022
23,grytviken,-54.2811,-36.5092,4.5,90,83,1.45,GS,1704754022
24,tralee,52.2704,-9.7026,0.16,85,10,3.15,IE,1704754023
25,ilulissat,69.2167,-51.1,-7.99,62,75,11.32,GL,1704754023
26,whitehorse,60.7161,-135.0538,-10.55,84,75,5.66,CA,1704753703
27,kazan,55.7887,49.1221,-21.33,98,82,3.69,RU,1704754024
28,punta arenas,-53.15,-70.9167,10.06,53,20,14.92,CL,1704754025
29,albany,42.6001,-73.9662,0.36,84,36,1.73,US,1704753989
30,papatowai,-46.5619,169.4708,16.78,68,100,3.06,NZ,1704754026
31,mariental,-24.6333,17.9667,27.95,17,95,5.25,NA,1704754026
32,port lincoln,-34.7333,135.8667,18.17,68,51,1.83,AU,1704754027
33,lihue,21.9789,-159.3672,25.77,73,75,7.72,US,1704754027
34,dawson creek,55.7666,-120.2362,-20.2,77,40,2.57,CA,1704754028
35,port elizabeth,-33.918,25.5701,19.62,89,75,3.6,ZA,1704753845
36,yellowknife,62.456,-114.3525,-30.71,76,75,2.06,CA,1704754029
37,saltillo,25.4167,-101.0,24.68,36,0,7.72,MX,1704753549
38,al ghayzah,16.2079,52.176,21.19,44,3,4.49,YE,1704754030
39,kingston,17.997,-76.7936,29.53,66,20,8.75,JM,1704753758
40,qaqortoq,60.7167,-46.0333,-1.53,74,84,4.21,GL,1704754031
41,howard springs,-12.497,131.047,26.6,97,99,1.4,AU,1704754031
42,bethel,41.3712,-73.414,3.6,73,14,0.67,US,1704754032
43,mount pearl,47.5166,-52.7813,-1.75,92,100,9.26,CA,1704753812
44,isafjordur,66.0755,-23.124,5.25,86,100,7.01,IS,1704754032
45,hermanus,-34.4187,19.2345,18.25,80,35,5.95,ZA,1704754033
46,blackmans bay,-43.0167,147.3167,17.07,68,58,1.82,AU,1704754033
47,shache,38.4167,77.2406,-2.96,47,69,0.4,CN,1704754034
48,arraial do cabo,-22.9661,-42.0278,25.98,78,0,5.66,BR,1704754034
49,amahai,-3.3333,128.9167,27.33,82,96,2.31,ID,1704754035
50,port alfred,-33.5906,26.891,17.88,97,93,1.87,ZA,1704754035
51,chonchi,-42.6128,-73.8092,14.56,54,50,1.57,CL,1704754036
52,geraldton,-28.7667,114.6,22.23,73,100,8.75,AU,1704754036
53,palikir - national government center,6.9248,158.1611,28.41,84,40,7.72,FM,1704753738
54,klyuchi,52.2667,79.1667,-11.81,81,98,8.63,RU,1704754037
55,vorgashor,67.5833,63.95,-28.89,100,100,1.95,RU,1704754037
56,nova sintra,14.8667,-24.7167,21.47,70,97,5.36,CV,1704754038
57,pisco,-13.7,-76.2167,24.03,73,0,9.26,PE,1704753852
58,bardai,11.65,7.2333,18.87,12,37,4.02,NG,1704754039
59,lebu,-37.6167,-73.65,14.76,70,0,8.2,CL,1704754039
60,laojunmiao,39.8333,97.7333,-4.52,14,0,2.5,CN,1704754039
61,port mathurin,-19.6833,63.4167,27.29,67,11,2.09,MU,1704754040
62,stanley,54.868,-1.6985,2.09,74,40,4.12,GB,1704754040
63,kasongo,-4.45,26.6667,20.4,97,100,0.22,CD,1704754041
64,olonkinbyen,70.9221,-8.7187,0.3,97,100,5.27,SJ,1704754041
65,eqbaliyeh,35.3022,51.5358,8.9,22,34,1.46,IR,1704754042
66,tiksi,71.6872,128.8694,-34.17,96,100,4.97,RU,1704754043
67,hawaiian paradise park,19.5933,-154.9731,28.28,77,20,3.13,US,1704754043
68,kapit,2.0167,112.9333,22.66,99,91,0.34,MY,1704754043
69,minot,48.2325,-101.2963,-10.88,79,0,3.6,US,1704754044
70,niimi,34.9833,133.4667,3.63,84,9,0.98,JP,1704754044
71,stephenville,32.2207,-98.2023,12.32,29,40,10.29,US,1704754045
72,ushuaia,-54.8,-68.3,9.81,66,40,3.6,AR,1704754045
73,walvis bay,-22.9575,14.5053,16.53,88,5,1.54,NA,1704754045
74,lompoc,34.6391,-120.4579,17.1,39,20,4.63,US,1704754046
75,vila velha,-20.3297,-40.2925,27.97,88,0,6.69,BR,1704754047
76,college,64.8569,-147.8028,-7.82,85,100,2.06,US,1704754047
77,bredasdorp,-34.5322,20.0403,17.23,86,40,3.25,ZA,1704754048
78,arkhangel'sk,64.5401,40.5433,-9.94,92,20,3.0,RU,1704754048
79,buala,-8.145,159.5921,29.48,73,86,1.35,SB,1704754049
80,bei'an,24.5399,109.533,13.33,92,100,1.18,CN,1704754049
81,fale old settlement,-9.3852,-171.2468,28.97,71,9,3.14,TK,1704754049
82,usinsk,65.9939,57.5281,-25.6,100,93,3.52,RU,1704754050
83,talnakh,69.4865,88.3972,-21.96,86,100,2.74,RU,1704754050
84,dawesville,30.9224,-84.0091,13.23,80,40,4.63,US,1704754051
85,luderitz,-26.6481,15.1594,16.93,78,0,8.03,NA,1704754051
86,rahimatpur,17.6,74.2,20.14,83,57,2.53,IN,1704754052
87,agaro,7.85,36.65,16.62,76,49,1.08,ET,1704754052
88,iqaluit,63.7506,-68.5145,-26.84,62,0,2.06,CA,1704754053
89,tadine,-21.55,167.8833,27.99,72,35,3.05,NC,1704754053
90,puerto natales,-51.7236,-72.4875,7.27,79,51,6.97,CL,1704754054
91,khandyga,62.6667,135.6,-46.76,100,100,0.33,RU,1704754054
92,mehekar,20.15,76.5667,18.67,48,0,3.09,IN,1704754055
93,yuzhno-kurilsk,44.0306,145.8556,-4.79,67,100,5.73,RU,1704754055
94,cova figueira,14.8905,-24.2934,21.23,71,100,4.82,CV,1704754056
95,petropavlovsk-kamchatsky,53.0452,158.6483,-19.75,78,0,6.0,RU,1704754056
96,hanzhong,33.0728,107.0303,6.46,71,98,0.77,CN,1704754057
97,huilong,31.8111,121.655,6.68,90,49,2.49,CN,1704754057
98,dudinka,69.4058,86.1778,-21.85,86,100,3.58,RU,1704754058
99,mount isa,-20.7333,139.5,21.87,100,100,2.06,AU,1704754058
100,timimoun,29.2639,0.231,10.21,23,14,2.06,DZ,1704754059
101,kant,27.8,79.8,10.21,53,0,2.22,IN,1704754060
102,letlhakeng,-24.0944,25.0298,27.88,30,100,4.67,BW,1704754060
103,buka,40.8108,69.1986,6.79,83,80,0.69,UZ,1704754061
104,hadibu,12.65,54.0333,23.56,76,83,8.15,YE,1704754061
105,sarangpur,23.5667,76.4667,17.76,71,50,3.63,IN,1704754062
106,bilibino,68.0546,166.4372,-31.19,98,100,1.34,RU,1704754062
107,hamilton,39.1834,-84.5333,4.02,76,0,5.14,US,1704753797
108,changping,40.2186,116.2197,-3.2,58,100,3.27,CN,1704754063
109,summerland,49.5998,-119.6691,0.6,74,100,7.2,CA,1704754064
110,severo-yeniseyskiy,60.3725,93.0408,-11.66,95,100,2.99,RU,1704754064
111,notse,6.95,1.1667,27.55,72,12,3.18,TG,1704754065
112,manado,1.487,124.8455,26.43,89,20,0.51,ID,1704754065
113,wailua homesteads,22.0669,-159.378,25.44,73,75,7.72,US,1704754066
114,georgetown,5.4112,100.3354,25.53,97,20,2.06,MY,1704754007
115,bambanglipuro,-7.95,110.2833,25.61,88,100,0.31,ID,1704754067
116,tateyama,34.9833,139.8667,3.39,57,88,4.32,JP,1704754067
117,mikhaylovka,50.06,43.2379,-11.23,93,100,3.41,RU,1704754068
118,haiku-pauwela,20.9219,-156.3051,27.87,67,40,11.32,US,1704753960
119,iskateley,67.6803,53.1512,-24.43,100,51,2.24,RU,1704754069
120,invercargill,-46.4,168.35,17.41,64,100,0.7,NZ,1704754069
121,selfoss,63.9331,-20.9971,7.25,86,100,10.61,IS,1704754070
122,thompson,55.7435,-97.8558,-26.91,76,100,0.0,CA,1704754071
123,westport,41.1415,-73.3579,4.86,65,0,1.54,US,1704753907
124,aljezur,37.3191,-8.8033,16.12,95,100,3.2,PT,1704754071
125,tam ky,15.5667,108.4833,20.6,91,96,1.09,VN,1704754072
126,sirte,31.2089,16.5887,14.4,43,0,10.9,LY,1704754072
127,manaure,11.7751,-72.4445,28.66,60,37,9.71,CO,1704754072
128,alaghsas,17.0187,8.0168,20.52,15,32,4.07,NE,1704754073
129,ghanzi,-21.5667,21.7833,21.37,75,100,4.82,BW,1704754073
130,jamestown,42.097,-79.2353,2.77,93,100,2.06,US,1704753983
131,candelaria,13.9311,121.4233,23.9,92,28,1.75,PH,1704754074
132,antalaha,-14.9003,50.2788,25.25,90,100,2.44,MG,1704754074
133,incheon,37.45,126.4161,-0.07,86,75,3.6,KR,1704754075
134,vadso,70.0744,29.7487,-4.91,93,100,5.66,NO,1704754075
135,crane,31.3974,-102.3501,9.21,24,1,15.48,US,1704754076
136,ketchikan,55.3422,-131.6461,2.99,93,100,0.0,US,1704754076
137,taoudenni,22.6783,-3.9836,21.43,25,0,4.42,ML,1704754076
138,hornostayivka,47.0078,33.729,-5.43,81,100,10.68,UA,1704754077
139,san patricio,28.017,-97.5169,26.97,48,9,9.65,US,1704754077
140,broome,42.2506,-75.833,1.98,93,93,0.45,US,1704754078
141,kodiak,57.79,-152.4072,1.73,64,40,3.6,US,1704754078
142,vila franca do campo,37.7167,-25.4333,17.23,82,98,2.61,PT,1704754078
143,viedma,-40.8135,-62.9967,21.74,27,0,3.17,AR,1704754056
144,nema,57.5067,50.5011,-16.13,90,100,5.09,RU,1704754079
145,dryden,49.7833,-92.7503,-11.84,79,100,2.06,CA,1704754079
146,ust-nera,64.5667,143.2,-42.98,98,97,1.75,RU,1704754080
147,vilyuchinsk,52.9306,158.4028,-18.93,82,16,3.24,RU,1704754080
148,kongoussi,13.3258,-1.5347,25.13,14,2,3.8,BF,1704754081
149,zeya,53.75,127.2667,-20.29,66,6,3.82,RU,1704754081
150,sabha,27.0377,14.4283,11.06,27,0,3.07,LY,1704754082
151,enewetak,11.3474,162.3373,27.05,73,99,8.94,MH,1704754082
152,longyearbyen,78.2186,15.6401,-13.09,78,40,5.66,SJ,1704754083
153,were ilu,10.6,39.4333,8.14,84,33,2.51,ET,1704754083
154,kamiiso,41.8167,140.65,-0.79,74,75,2.57,JP,1704754084
155,aioun,16.6614,-9.6149,23.2,11,47,4.77,MR,1704754084
156,codrington,-38.2667,141.9667,17.14,84,100,2.81,AU,1704754084
157,colinas,-6.0258,-44.2492,23.85,94,100,1.11,BR,1704754085
158,jwaneng,-24.6004,24.7303,25.58,41,94,3.39,BW,1704754085
159,berdigestyakh,62.0989,126.6992,-37.28,100,100,1.32,RU,1704754085
160,greenville,35.6127,-77.3663,8.09,67,0,1.54,US,1704753878
161,turpan,42.9333,89.1667,-3.24,61,0,0.13,CN,1704754087
162,argostolion,38.1811,20.489,12.64,57,98,2.51,GR,1704754087
163,fulton,33.7668,-84.4499,10.23,55,100,8.75,US,1704754088
164,noosa heads,-26.3833,153.15,27.28,80,99,1.62,AU,1704754088
165,nemuro,43.3236,145.575,-3.15,61,71,5.27,JP,1704754088
166,bireun,5.203,96.7009,24.51,86,70,1.38,ID,1704754089
167,champerico,14.3,-91.9167,33.3,62,2,4.75,GT,1704754089
168,sterling,39.0062,-77.4286,6.43,67,75,0.0,US,1704754090
169,tsiombe,-25.3,45.4833,23.84,87,23,5.98,MG,1704754090
170,alice springs,-23.7,133.8833,29.56,32,7,3.58,AU,1704754091
171,brigantine,39.4101,-74.3646,6.11,70,0,0.0,US,1704754091
172,anadyr,64.75,177.4833,-18.72,84,100,11.0,RU,1704754092
173,tegueste,28.5167,-16.3167,17.11,38,0,2.06,ES,1704754092
174,suntar,62.1444,117.6319,-39.24,100,29,1.18,RU,1704754093
175,luanda,-8.8368,13.2343,25.0,74,75,2.57,AO,1704754093
176,portage la prairie,49.9728,-98.2926,-13.39,76,100,1.54,CA,1704754094
177,sitka,57.0531,-135.33,3.94,87,40,1.54,US,1704754094
178,tolanaro,-25.0319,46.9987,25.04,83,20,6.17,MG,1704754095
179,tofol,5.3248,163.0078,27.88,83,75,7.72,FM,1704754095
180,ribeira grande,38.5167,-28.7,17.1,86,100,8.05,PT,1704754096
181,wamba,8.9333,8.6,22.98,17,0,1.78,NG,1704754096
182,hithadhoo,-0.6,73.0833,28.18,75,63,5.92,MV,1704754096
183,khalkhal,37.6189,48.5258,1.19,45,56,3.31,IR,1704754097
184,weno,7.4515,151.8468,28.97,70,75,6.17,FM,1704754097
185,sinop,41.7711,34.8709,6.43,85,34,2.91,TR,1704754097
186,badger,64.8,-147.5333,-7.86,88,100,2.06,US,1704754098
187,umba,66.6871,34.3429,-11.47,94,100,0.32,RU,1704754098
188,utrik,11.2278,169.8474,26.66,71,74,8.8,MH,1704754099
189,tucurui,-3.7661,-49.6725,24.82,90,100,1.38,BR,1704754099
190,fort st. john,56.2499,-120.8529,-22.06,77,100,1.54,CA,1704754020
191,machico,32.7,-16.7667,20.95,91,40,0.51,PT,1704754100
192,suzun,53.7841,82.3116,-12.25,87,100,7.85,RU,1704754100
193,port saint john's,-31.6229,29.5448,20.77,89,100,1.24,ZA,1704754101
194,zhosaly,45.4878,64.0781,1.6,84,92,2.77,KZ,1704754101
195,kununurra,-15.7667,128.7333,23.99,94,100,3.09,AU,1704753989
196,labytnangi,66.6572,66.4183,-29.61,97,42,1.4,RU,1704754102
197,van buren,35.4368,-94.3483,5.16,94,100,5.66,US,1704754102
198,acajutla,13.5928,-89.8275,28.11,63,1,3.04,SV,1704754103
199,isetskoye,56.4858,65.3226,-21.59,91,50,5.42,RU,1704754104
200,shimanovsk,52.0,127.7,-22.08,82,2,3.95,RU,1704754104
201,oued rhiou,35.9612,0.919,7.32,66,16,1.67,DZ,1704754104
202,i-n-salah,27.1935,2.4607,14.87,21,0,3.93,DZ,1704754105
203,puerto baquerizo moreno,-0.9,-89.6,27.55,78,75,5.14,EC,1704753983
204,tura,25.5198,90.2201,12.97,80,0,1.16,IN,1704754106
205,bamboo flat,11.7,92.7167,27.05,74,20,3.6,IN,1704754106
206,zaozersk,69.4005,32.4476,-9.11,93,100,1.99,RU,1704754107
207,alofi,-19.0595,-169.9187,29.94,79,75,3.6,NU,1704754107
208,tsumeb,-19.2333,17.7167,20.94,80,100,0.31,NA,1704754108
209,aykhal,66.0,111.5,-30.73,98,7,1.44,RU,1704754109
210,koh kong,11.6175,102.9806,23.66,78,44,1.92,KH,1704754109
211,maragogi,-9.0122,-35.2225,27.15,80,1,5.5,BR,1704754109
212,colonia,50.9333,6.95,-2.3,61,0,2.06,DE,1704754110
213,buta,2.7858,24.73,20.88,47,79,0.89,CD,1704754110
214,hibbing,47.4272,-92.9377,-5.22,56,100,1.54,US,1704754112
215,gadzhiyevo,69.2551,33.3362,-9.71,92,100,3.97,RU,1704754112
216,dezhou,37.4486,116.2925,-4.5,93,42,3.28,CN,1704754113
217,el parral,16.3675,-93.0058,29.22,42,29,2.5,MX,1704754113
218,kamina,-8.7386,24.9906,17.59,96,100,1.36,CD,1704754114
219,shimokizukuri,40.8061,140.3861,0.29,77,99,2.75,JP,1704754114
220,tazovsky,67.4667,78.7,-20.55,98,100,4.18,RU,1704754115
221,gannan,47.9147,123.5031,-24.15,87,4,2.43,CN,1704754115
222,shingu,33.7333,135.9833,3.78,71,52,2.16,JP,1704754116
223,mhamid,29.82,-5.72,13.69,26,38,2.26,MA,1704754116
224,quelimane,-17.8786,36.8883,26.97,94,75,0.0,MZ,1704754116
225,dwarka,22.2394,68.9678,21.03,45,0,7.66,IN,1704754117
226,kidal,18.4411,1.4078,22.08,13,0,3.82,ML,1704754117
227,afaahiti,-17.75,-149.2833,28.93,84,53,5.97,PF,1704754118
228,puerto colombia,10.9878,-74.9547,29.05,77,28,11.45,CO,1704754118
229,qui nhon,13.7667,109.2333,21.67,88,99,1.79,VN,1704754119
230,nar'yan-mar,67.6713,53.087,-24.38,100,48,2.24,RU,1704754119
231,fort bragg,35.139,-79.006,9.08,58,40,3.09,US,1704754120
232,el porvenir,13.7617,-87.3458,29.63,41,12,2.31,HN,1704754120
233,shimoda,34.6667,138.95,5.06,62,72,7.3,JP,1704754120
234,lazaro cardenas,17.9583,-102.2,27.53,66,64,3.65,MX,1704754121
235,ramadi,33.4226,43.3058,14.12,35,100,4.07,IQ,1704754121
236,aldinga beach,-35.2793,138.4604,21.92,68,81,0.96,AU,1704754103
237,zhezqazghan,47.7833,67.7667,-12.13,76,87,1.9,KZ,1704754122
238,chui,-33.6971,-53.4616,20.24,84,39,2.83,UY,1704754123
239,hawkinge,51.1128,1.1618,0.67,72,98,3.13,GB,1704754123
240,aasiaat,68.7098,-52.8699,-16.52,91,94,3.54,GL,1704754123
241,uturoa,-16.7333,-151.4333,26.82,81,25,5.99,PF,1704754124
242,paracale,14.2804,122.7881,24.95,93,43,3.17,PH,1704754125
243,aden,12.7794,45.0367,25.11,63,9,7.71,YE,1704754125
244,umarkot,25.3616,69.7362,14.53,26,0,4.63,PK,1704753851
245,onguday,50.75,86.15,-3.0,81,100,3.11,RU,1704754126
246,campbellton,48.0075,-66.6727,-6.75,81,98,4.98,CA,1704754127
247,illapel,-31.6308,-71.1653,23.66,41,2,3.18,CL,1704754056
248,ixtapa,20.7,-105.2,24.01,78,100,0.89,MX,1704754128
249,keflavik,64.0049,-22.5624,7.95,100,100,14.4,IS,1704754128
250,roma,43.2128,-75.4557,1.71,96,100,0.0,US,1704754128
251,naze,28.3667,129.4833,15.51,73,99,3.49,JP,1704754129
252,grindsted,55.754,8.9123,-7.3,93,7,1.54,DK,1704754129
253,kantunilkin,21.0917,-87.45,26.16,75,56,3.1,MX,1704754130
254,caldwell,43.6629,-116.6874,1.75,80,100,3.6,US,1704754130
255,ghadamis,30.1337,9.5007,9.66,41,0,3.17,LY,1704754131
256,cabo san lucas,22.8909,-109.9124,23.2,50,75,4.12,MX,1704753802
257,happy valley-goose bay,53.3168,-60.3315,-12.83,61,40,5.14,CA,1704753911
258,sisimiut,66.9395,-53.6735,-13.13,73,81,6.24,GL,1704754132
259,fort mcmurray,56.7268,-111.381,-20.23,77,0,3.09,CA,1704754133
260,bosobolo,4.1833,19.9,24.0,25,100,0.88,CD,1704754134
261,pimentel,-6.8367,-79.9342,27.16,65,0,10.8,PE,1704754134
262,porto novo,6.4965,2.6036,27.4,81,33,3.31,BJ,1704754135
263,iwanai,42.9744,140.5089,-0.94,89,100,5.14,JP,1704754135
264,nanakuli,21.3906,-158.1547,24.78,91,100,6.69,US,1704754136
265,papao,-17.75,-149.55,29.82,84,25,7.41,PF,1704754136
266,mar del plata,-38.0023,-57.5575,25.01,73,40,3.58,AR,1704753884
267,ola,59.5833,151.2833,-26.73,88,98,1.79,RU,1704754137
268,pearsall,28.8922,-99.095,19.66,23,4,10.94,US,1704754137
269,changji,44.0167,87.3167,-11.56,85,40,2.0,CN,1704754138
270,yemetsk,63.4721,41.7941,-12.08,94,52,3.13,RU,1704754138
271,margaret river,-33.95,115.0667,18.06,83,99,5.85,AU,1704754139
272,pajapan,18.25,-94.7,27.08,78,42,2.29,MX,1704754139
273,pointe aux piments,-20.0628,57.5131,27.31,89,71,3.69,MU,1704754140
274,sakakah,29.9697,40.2064,14.76,53,82,2.94,SA,1704754140
275,kapuskasing,49.4169,-82.4331,-15.95,72,75,1.03,CA,1704754100
276,cururupu,-1.8283,-44.8683,24.71,88,100,1.49,BR,1704754141
277,griffith,41.5284,-87.4237,2.84,85,100,4.63,US,1704754142
278,atherton,53.5237,-2.4935,2.64,79,22,0.89,GB,1704754142
279,cold lake,54.4502,-110.2017,-15.03,78,75,2.57,CA,1704754143
280,hua hin,12.5707,99.9588,26.11,82,20,1.54,TH,1704754143
281,high river,50.5834,-113.8687,-8.28,63,58,1.48,CA,1704754144
282,burela de cabo,43.65,-7.4,6.76,75,99,1.67,ES,1704754144
283,baganga,7.5739,126.56,25.74,90,60,1.59,PH,1704754144
284,northam,51.0333,-4.2167,1.88,83,52,6.21,GB,1704754145
285,grand falls-windsor,48.9332,-55.6649,-4.16,80,100,1.34,CA,1704754146
286,kayangel,8.0823,134.7173,28.82,74,23,9.66,PW,1704754146
287,piti village,13.4626,144.6933,28.5,81,75,6.69,GU,1704754147
288,callao,-12.0667,-77.15,27.62,69,40,8.75,PE,1704753970
289,taroudant,30.4703,-8.877,13.53,65,84,2.49,MA,1704754148
290,ballina,-28.8667,153.5667,24.88,82,100,3.45,AU,1704754148
291,zyryanskoye,56.8306,86.6258,-10.48,82,86,9.61,RU,1704754150
292,lata,40.1629,-8.3327,6.71,94,100,1.84,PT,1704754150
293,san antonio de pale,-1.4014,5.6325,27.34,79,45,4.73,GQ,1704754151
294,manadhoo,5.7667,73.3833,27.13,79,99,5.09,MV,1704754151
295,khilok,51.3674,110.4676,-20.35,97,34,1.83,RU,1704754152
296,tashtagol,52.7657,87.8894,-3.6,95,100,4.92,RU,1704754153
297,la paz,-16.5,-68.15,16.99,36,40,6.17,BO,1704754057
298,shizunai-furukawacho,42.3339,142.3669,0.01,63,99,3.9,JP,1704754154
299,weiser,44.251,-116.9693,-0.08,86,100,1.04,US,1704754154
300,st. john's,47.5649,-52.7093,-0.57,92,100,9.26,CA,1704754123
301,carnarvon,-24.8667,113.6333,23.19,76,0,7.76,AU,1704754155
302,suances,43.4334,-4.0434,8.32,83,100,3.6,ES,1704754156
303,el calafate,-50.3408,-72.2768,9.67,59,11,8.02,AR,1704754156
304,sideropolis,-28.5978,-49.4244,24.07,91,76,0.82,BR,1704754157
305,praia da vitoria,38.7333,-27.0667,17.09,77,20,5.22,PT,1704754157
306,paramonga,-10.6667,-77.8333,23.44,81,84,4.18,PE,1704754158
307,choibalsan,48.0667,114.5,-21.7,90,5,3.78,MN,1704754158
308,kabare,-2.4683,28.8242,17.21,90,100,0.43,CD,1704754159
309,santo antonio do sudoeste,-26.0736,-53.7253,26.19,61,68,1.01,BR,1704754159
310,katsuura,35.1333,140.3,6.61,54,93,3.09,JP,1704754160
311,sandnessjoen,66.0217,12.6316,5.29,100,75,5.14,NO,1704754160
312,bonthe,7.5264,-12.505,26.88,84,77,3.67,SL,1704754161
313,frontera,26.9333,-101.45,23.85,22,0,5.44,MX,1704754161
314,san rafael,-34.6177,-68.3301,27.34,28,0,4.33,AR,1704753921
315,mockmuhl,49.325,9.3578,-3.14,51,77,6.13,DE,1704754162
316,reggane,26.7158,0.1714,16.65,23,0,3.22,DZ,1704754162
317,tomislavgrad,43.7181,17.2267,-2.89,78,87,5.06,BA,1704754163
318,ar ruways,24.1103,52.7306,20.48,72,0,3.98,AE,1704754163
319,udachny,66.4167,112.4,-37.11,100,25,1.28,RU,1704754164
320,mao,39.8885,4.2658,4.31,93,0,3.09,ES,1704754164
321,ta`u,-14.2336,-169.5144,27.93,77,54,3.32,AS,1704754165
322,puerto lempira,15.2667,-83.7667,25.97,83,64,4.22,HN,1704754165
323,flying fish cove,-10.4217,105.6791,25.82,94,100,1.54,CX,1704754166
324,inongo,-1.95,18.2667,23.86,85,96,1.87,CD,1704754166
325,wuwei,37.9281,102.6414,-3.28,35,0,0.54,CN,1704754168
326,cadale,2.7603,46.3222,24.99,73,24,9.51,SO,1704754168
327,saranac lake,44.3295,-74.1313,-3.32,85,100,1.54,US,1704754169
328,rikaze,29.25,88.8833,-5.19,18,0,0.41,CN,1704754169
329,kagal'nitskaya,46.8806,40.1466,-7.32,94,100,6.62,RU,1704754170
330,vargashi,55.3556,65.8467,-20.5,93,73,6.04,RU,1704754170
331,chibougamau,49.9168,-74.3659,-15.21,78,0,2.57,CA,1704754042
332,ust'-kut,56.7938,105.7672,-21.02,94,93,1.62,RU,1704754171
333,puerto deseado,-47.7503,-65.8938,18.54,31,69,6.9,AR,1704754098
334,marsassoum,12.8275,-15.9806,24.05,33,69,3.58,SN,1704754172
335,itaituba,-4.2761,-55.9836,24.4,97,100,0.99,BR,1704754172
336,sandi,27.3,79.95,10.8,42,0,2.51,IN,1704754173
337,timaru,-44.4,171.25,21.71,66,100,2.24,NZ,1704754174
338,klaksvik,62.2266,-6.589,6.51,71,97,5.43,FO,1704754174
339,bathurst,-33.4166,149.5806,23.87,79,1,1.34,AU,1704754175
340,lensk,60.7253,114.9278,-26.28,100,77,1.22,RU,1704754176
341,romorantin-lanthenay,47.4167,1.8333,-1.19,74,100,1.54,FR,1704754176
342,puerto armuelles,8.2833,-82.8667,30.99,68,24,0.45,PA,1704753893
343,pribrezhnyy,53.4866,49.8584,-19.38,100,98,1.63,RU,1704754177
344,lagoa,39.05,-27.9833,16.06,70,100,5.88,PT,1704754178
345,dalmatovo,56.26,62.9362,-21.49,90,10,5.39,RU,1704754178
346,koubia,11.5833,-11.9,21.14,20,26,0.53,GN,1704754179
347,fortaleza,-3.7227,-38.5247,29.48,83,0,4.12,BR,1704753902
348,shangqiu,34.45,115.65,2.4,91,50,2.31,CN,1704754179
349,ulanhot,46.0833,122.0833,-20.85,87,2,2.53,CN,1704754180
350,ancud,-41.8697,-73.8203,13.94,61,17,4.96,CL,1704754180
351,kuqa,41.7278,82.9364,-2.93,53,4,1.07,CN,1704754181
352,peskovka,59.0448,52.3606,-15.17,95,100,4.48,RU,1704754181
353,raduzhny,62.0961,77.475,-15.88,96,100,3.33,RU,1704754182
354,medicine hat,50.0501,-110.6683,-6.27,73,75,1.03,CA,1704753963
355,gamba,-2.65,10.0,25.74,87,99,2.12,GA,1704754183
356,kapa'a,22.0752,-159.319,26.18,73,75,7.72,US,1704754087
357,candon,17.1947,120.4517,23.91,74,16,1.6,PH,1704754184
358,tara,56.8944,74.371,-17.95,92,100,6.42,RU,1704754184
359,agadez,19.75,10.25,18.54,19,99,1.95,NE,1704754185
360,cattolica,43.9575,12.7376,8.28,73,75,5.66,IT,1704754185
361,aberdeen,57.1437,-2.0981,1.27,100,100,1.03,GB,1704754186
362,moissala,8.3404,17.7663,22.07,18,13,1.62,TD,1704754186
363,kone,-21.0595,164.8658,29.38,62,23,2.21,NC,1704754187
364,ranchettes,41.2186,-104.7903,-5.83,61,0,12.35,US,1704753902
365,bu'aale,1.0833,42.5833,23.73,83,97,3.7,SO,1704754188
366,san jose del cabo,23.0589,-109.6977,23.19,60,100,2.24,MX,1704754170
367,oriximina,-1.7656,-55.8661,25.03,92,100,0.97,BR,1704754189
368,pasni,25.2631,63.471,19.92,35,0,9.08,PK,1704754189
369,touros,-5.1989,-35.4608,27.26,76,3,4.94,BR,1704754190
370,sulak,43.2734,47.5146,5.63,86,100,3.85,RU,1704754190
371,isangel,-19.55,169.2667,27.64,77,81,4.03,VU,1704754192
372,tabou,4.423,-7.3528,27.19,83,46,4.39,CI,1704754192
373,bowen,-20.0167,148.2333,28.33,74,99,3.22,AU,1704754193
374,sale,34.0389,-6.8166,15.91,93,86,1.54,MA,1704754193
375,asan-maina village,13.4722,144.7165,28.4,80,75,6.71,GU,1704754194
376,karlshamn,56.1706,14.8619,-8.73,87,8,2.98,SE,1704754194
377,turkmenbasy,40.0222,52.9552,9.43,87,100,5.14,TM,1704754195
378,vredendal,-31.6683,18.5012,16.76,79,21,1.17,ZA,1704754195
379,tazacorte,28.629,-17.9293,18.54,92,0,3.6,ES,1704754196
380,saint-paul,-21.0096,55.2707,25.06,84,50,0.99,RE,1704754196
381,waingapu,-9.6567,120.2641,27.76,82,91,1.92,ID,1704754197
382,miles city,46.4083,-105.8406,-6.46,68,0,2.57,US,1704754197
383,tromso,69.6496,18.957,4.01,93,75,8.75,NO,1704754198
384,dullewala,31.8359,71.4362,11.52,45,45,2.54,PK,1704754199
385,negapatam,10.7667,79.8333,24.53,91,99,4.36,IN,1704754199
386,remire-montjoly,4.9167,-52.2667,26.02,94,75,1.54,GF,1704754200
387,grand-bassam,5.2118,-3.7388,25.98,83,4,3.79,CI,1704754200
388,al artawiyah,26.5053,45.3444,12.34,31,1,3.22,SA,1704754201
389,ribeira brava,32.65,-17.0667,20.95,91,100,1.31,PT,1704754202
390,ataq,14.5377,46.8319,11.15,40,27,2.44,YE,1704754203
391,vrangel',42.7297,133.0839,-7.44,82,71,4.06,RU,1704754203
392,dauphin,51.1494,-100.0502,-16.92,78,100,0.0,CA,1704754204
393,roccella ionica,38.322,16.4009,10.37,81,100,2.46,IT,1704754205
394,constantia,44.1833,28.65,-6.62,78,98,9.78,RO,1704754062
395,barra de santo antonio,-9.4047,-35.5072,27.6,82,1,5.47,BR,1704754206
396,mil'kovo,55.6078,37.7956,-10.78,91,100,4.95,RU,1704754206
397,talara,-4.5772,-81.2719,27.42,69,0,6.17,PE,1704754138
398,zilupe,56.3862,28.1217,-8.03,93,99,3.35,LV,1704754207
399,polyarnyy,69.1989,33.4478,-9.32,91,100,4.07,RU,1704754208
400,bereznik,62.8551,42.7072,-10.74,86,99,4.79,RU,1704754208
401,andergrove,-21.0833,149.1833,29.8,79,94,3.06,AU,1704754014
402,kirkkonummi,60.1238,24.4385,-2.9,100,71,3.46,FI,1704754209
403,greymouth,-42.4667,171.2,19.24,66,99,2.56,NZ,1704754210
404,beloyarskiy,63.7119,66.6722,-25.56,100,78,2.24,RU,1704754211
405,saint-juery,43.9488,2.2103,2.31,90,48,0.98,FR,1704754211
406,nadym,65.5333,72.5167,-18.72,97,100,5.83,RU,1704754212
407,susuman,62.7833,148.1667,-38.54,99,100,0.63,RU,1704754213
408,tindouf,27.6711,-8.1474,15.25,29,24,2.57,DZ,1704754213
409,lae,-6.7221,146.9847,26.37,68,99,2.83,PG,1704754213
410,rongelap,11.1635,166.8941,26.51,73,78,9.37,MH,1704754214
411,zarghun shahr,32.8473,68.4457,-5.2,87,16,2.73,AF,1704754215
412,souillac,-20.5167,57.5167,27.21,78,40,2.06,MU,1704754215
413,monrovia,6.3005,-10.7969,27.56,84,5,4.25,LR,1704754215
414,la sarre,48.8002,-79.1996,-15.6,95,94,1.21,CA,1704754216
415,roxas,11.5853,122.7511,25.08,89,39,3.46,PH,1704754217
416,ostersund,63.1792,14.6357,1.45,93,100,9.77,SE,1704754022
417,cockburn town,21.4612,-71.1419,24.98,78,40,5.14,TC,1704754218
418,pedernales,18.0384,-71.744,26.39,70,26,1.02,DO,1704754219
419,ust'-ilimsk,58.0006,102.6619,-12.53,81,100,4.02,RU,1704754219
420,ambon,-3.6954,128.1814,27.08,89,40,1.03,ID,1704754221
421,ilhabela,-23.7781,-45.3581,25.41,85,2,2.11,BR,1704754222
422,al kharijah,25.4514,30.5464,16.16,26,82,3.84,EG,1704754222
423,gizo,-8.103,156.8419,28.59,77,64,2.49,SB,1704754223
424,port-vila,-17.7338,168.3219,20.78,100,40,1.03,VU,1704754223
425,fatehpur chaurasi,26.7833,80.2667,11.38,42,0,2.39,IN,1704754224
426,nuuk,64.1835,-51.7216,-3.66,80,75,7.72,GL,1704754225
427,sassandra,4.95,-6.0833,26.97,85,11,3.83,CI,1704754225
428,scottburgh,-30.2867,30.7532,21.06,91,100,2.55,ZA,1704754226
429,staryye ozinki,51.1786,49.6769,-14.38,87,100,1.17,RU,1704754227
430,acapulco de juarez,16.8634,-99.8901,27.96,61,32,2.54,MX,1704754227
431,valle hermoso,25.6667,-97.8333,25.92,56,0,5.94,MX,1704754228
432,armidale,-30.5167,151.65,21.85,72,100,3.66,AU,1704754229
433,cidreira,-30.1811,-50.2056,23.67,89,100,4.52,BR,1704754229
434,eldama ravine,0.0516,35.7308,14.23,85,96,0.41,KE,1704754230
435,el hadjira,32.6134,5.5126,10.5,33,0,2.16,DZ,1704754230
436,cafayate,-26.073,-65.9761,25.34,70,51,3.83,AR,1704754157
437,gamay,12.3854,125.2979,25.62,91,60,3.27,PH,1704754231
438,labrador city,52.9463,-66.9114,-17.05,78,40,4.63,CA,1704754209
439,pionerskiy,54.9508,20.2275,-10.09,69,8,5.76,RU,1704754232
440,merced,37.1666,-120.7516,11.83,55,52,1.38,US,1704754233
441,letlhakane,-21.4167,25.5833,26.45,32,21,7.93,BW,1704754234
442,inarajan village,13.2736,144.7484,28.55,87,23,8.42,GU,1704754234
443,okhotsk,59.3833,143.3,-33.02,85,18,4.14,RU,1704754135
444,sydney,-33.8679,151.2073,28.08,70,20,8.75,AU,1704753969
445,columbia falls,48.3725,-114.1815,-1.16,76,100,3.09,US,1704754236
446,mossel bay,-34.1831,22.146,16.96,90,86,4.79,ZA,1704754236
447,djambala,-2.5447,14.7533,20.07,94,100,1.66,CG,1704754236
448,olinda,-8.0089,-34.8553,28.85,74,40,4.63,BR,1704754237
449,opuwo,-18.0607,13.84,20.38,68,89,2.72,NA,1704754237
450,cozumel,20.5083,-86.9458,28.37,85,29,3.13,MX,1704754162
451,port nelson,23.6333,-74.8333,24.63,81,58,9.92,BS,1704754238
452,maridi,4.9158,29.4742,22.45,31,15,0.98,SS,1704754239
453,snovsk,51.8239,31.9428,-18.16,91,6,2.54,UA,1704754239
454,conduaga,8.862,117.4893,26.24,78,100,1.86,PH,1704754240
455,kramfors,62.9316,17.7765,1.88,100,20,1.03,SE,1704754240
456,las tablas,7.7667,-80.2833,27.32,99,62,7.16,PA,1704754241
457,preston,53.7667,-2.7167,2.74,76,11,5.7,GB,1704754242
458,murzuq,25.9155,13.9184,12.02,28,0,3.96,LY,1704754242
459,kuvshinovo,57.0295,34.1725,-8.43,90,100,4.63,RU,1704754243
460,island harbour,50.724,-1.2758,1.67,78,85,3.13,GB,1704754243
461,tongchuanshi,35.0806,109.0897,1.39,35,17,2.58,CN,1704754244
462,saldanha,-33.0117,17.9442,16.03,86,0,9.46,ZA,1704754244
463,zunyi,27.6867,106.9072,8.39,90,100,1.01,CN,1704754245
464,hammamet,36.4,10.6167,10.92,55,79,11.29,TN,1704754245
465,suva,-18.1416,178.4415,29.71,70,75,5.66,FJ,1704753893
466,chissamba,-12.1667,17.3333,17.46,95,100,1.51,AO,1704754246
467,mariehamn,60.0973,19.9348,0.46,93,0,2.06,AX,1704754247
468,ugoofaaru,5.6667,73.0,27.55,76,100,4.65,MV,1704754247
469,santa cruz,-17.8,-63.1667,31.7,62,20,6.69,BO,1704754147
470,covington,39.0837,-84.5086,4.24,75,0,5.14,US,1704754074
471,kardla,58.9978,22.7492,-0.53,91,81,3.47,EE,1704754249
472,barah,13.7,30.3667,20.73,32,5,4.37,SD,1704754249
473,mulayjah,27.271,48.4242,13.43,34,1,1.94,SA,1704754250
474,sheopur,25.6667,76.7,15.32,80,78,2.99,IN,1704754250
475,samus',56.7475,84.6992,-10.2,86,94,7.66,RU,1704754251
476,pandaria,22.2333,81.4167,15.56,72,0,1.09,IN,1704754251
477,daru,-9.0763,143.2092,27.76,76,100,3.02,PG,1704754252
478,songyuan,45.1171,124.8568,-23.05,96,5,0.88,CN,1704754252
479,sretensk,52.2453,117.7093,-31.72,100,65,0.35,RU,1704754253
480,mount gambier,-37.8333,140.7667,18.27,73,100,2.64,AU,1704754253
481,manokwari,-0.8667,134.0833,27.28,78,100,2.83,ID,1704754254
482,bayanhongor,46.7167,100.1167,-21.55,98,92,1.79,MN,1704754254
483,dolores,-36.3132,-57.6792,23.97,65,1,1.62,AR,1704754255
484,khair,27.95,77.8333,10.24,50,3,2.77,IN,1704754255
485,namibe,-15.1961,12.1522,22.72,84,76,1.03,AO,1704754256
486,camabatela,-8.1881,15.375,16.16,98,97,0.83,AO,1704754257
487,adrar,20.5022,-10.0711,18.69,19,0,4.13,MR,1704754257
488,belyy yar,53.6039,91.3903,-14.06,85,20,0.0,RU,1704754258
489,sezanne,48.7205,3.7234,-0.78,72,100,5.32,FR,1704754258
490,kirensk,57.7853,108.1119,-28.35,99,89,0.89,RU,1704754259
491,aydarken,39.9443,71.3429,-1.68,55,19,3.43,KG,1704754259
492,byron bay,-28.65,153.6167,24.84,80,100,4.39,AU,1704754260
493,kibungo,-2.1597,30.5427,19.51,75,93,0.17,RW,1704754260
494,harper,4.375,-7.7169,27.02,84,32,4.71,LR,1704754261
495,maicanesti,45.5,27.5,-6.71,92,100,11.21,RO,1704754261
496,dampit,-8.2116,112.7493,22.56,89,100,0.75,ID,1704754262
497,amstetten,48.1229,14.8721,-5.12,74,39,1.69,AT,1704754263
498,xapuri,-10.6517,-68.5044,28.59,64,97,1.6,BR,1704754263
499,lobez,53.6392,15.6213,-8.05,87,5,1.2,PL,1704754263
500,coahuayana de hidalgo,18.7,-103.6583,26.91,68,98,2.31,MX,1704754264
501,zapolyarnyy,69.4154,30.8136,-7.4,96,100,2.57,RU,1704754264
502,port douglas,-16.4833,145.4667,28.58,73,86,1.95,AU,1704754265
503,shchigry,51.8755,36.9043,-23.99,89,50,2.47,RU,1704754266
504,szecseny,48.0806,19.5202,-1.89,41,100,4.16,HU,1704754267
505,magong,23.5654,119.5863,18.64,87,56,9.18,TW,1704754267
506,guerrero negro,27.9769,-114.0611,17.34,32,61,2.77,MX,1704754268
507,hasaki,35.7333,140.8333,0.22,53,94,4.53,JP,1704754268
508,holualoa,19.6228,-155.9522,26.54,76,20,11.83,US,1704754269
509,sao joao da barra,-21.6403,-41.0511,27.05,90,100,5.06,BR,1704754269
510,calvinia,-31.4707,19.776,20.4,42,1,2.38,ZA,1704754270
511,kirakira,-10.4544,161.9205,28.97,78,97,0.86,SB,1704754270
512,san isidro,-12.1167,-77.05,27.23,71,40,8.75,PE,1704754271
513,huarmey,-10.0681,-78.1522,23.96,78,71,4.3,PE,1704754271
514,monster,52.0258,4.175,-1.66,77,1,6.17,NL,1704754272
515,la passe,45.5549,-0.8967,1.13,75,8,3.6,FR,1704754272
516,nizhnesortymskiy,62.4397,71.7603,-18.68,91,100,9.02,RU,1704754273
517,dunedin,-45.8742,170.5036,22.82,47,100,2.12,NZ,1704754273
518,camana,-16.6228,-72.7111,23.23,78,82,2.77,PE,1704754274
519,mermoz boabab,14.7065,-17.4758,23.31,83,0,3.09,SN,1704754274
520,ha'il,27.5219,41.6907,12.01,71,0,3.09,SA,1704754275
521,ad-damazin,11.7891,34.3592,26.3,27,3,2.63,SD,1704754275
522,wenling,28.3669,121.36,8.58,88,66,1.68,CN,1704754042
523,shiyan,32.6475,110.7781,9.67,81,100,2.54,CN,1704754276
524,karratha,-20.7377,116.8463,29.71,38,2,5.77,AU,1704754116
525,saint croix,17.7397,-64.7388,26.25,80,40,3.6,VI,1704754277
526,smithers,54.7804,-127.1743,-3.82,93,100,1.54,CA,1704754278
527,hobyo,5.3505,48.5268,24.73,69,66,10.58,SO,1704754278
528,tymovskoye,50.8456,142.655,-26.93,98,31,1.07,RU,1704754279
529,tarawa,1.419,172.984,28.05,89,75,1.54,KI,1704754279
530,petukhovo,55.0692,67.9019,-20.89,94,100,7.32,RU,1704754279
531,santa elena de uairen,4.6167,-61.1333,24.31,47,98,1.57,VE,1704754280
532,puerto lleras,3.0223,-73.4044,26.35,61,90,0.85,CO,1704754281
533,buffalo,42.8865,-78.8784,3.18,74,100,0.0,US,1704754252
534,mozarlandia,-14.7447,-50.5706,22.1,98,100,2.46,BR,1704754282
535,bridgewater,44.3835,-64.5155,-3.18,63,82,6.17,CA,1704754252
536,conde,-7.2597,-34.9075,27.7,78,20,4.12,BR,1704754283
537,teknaf,20.8624,92.3058,16.53,68,0,4.57,BD,1704754283
538,nova russas,-4.7067,-40.5631,30.68,38,99,4.27,BR,1704754110
539,sawakin,19.1059,37.3321,25.16,80,23,2.63,SD,1704754284
540,freetown,8.484,-13.2299,26.84,83,89,4.12,SL,1704754285
541,andovoranto,-18.95,49.1,25.33,88,98,0.57,MG,1704754286
542,sicuani,-14.2694,-71.2261,10.46,85,94,2.6,PE,1704754286
543,zhanga buqtyrma,49.6295,83.5248,-2.38,92,100,2.24,KZ,1704754287
544,celldomolk,47.2571,17.1503,-6.14,54,35,7.32,HU,1704754287
545,revda,56.801,59.9303,-22.05,95,100,5.37,RU,1704754288
546,cine,37.6117,28.0614,9.67,91,95,1.54,TR,1704754288
547,willowmore,-33.2926,23.4895,14.72,87,70,4.78,ZA,1704754289
548,miri,4.4148,114.0089,24.08,100,20,1.03,MY,1704754289
549,luorong,24.4058,109.6086,13.92,92,100,1.48,CN,1704754290
550,saipan,15.1355,145.701,27.39,78,40,5.66,MP,1704754008
551,dogondoutchi,13.6393,4.0287,22.71,12,14,4.01,NE,1704754291
552,brindisi,40.5833,17.6667,10.27,85,94,2.66,IT,1704754291
553,zin'kiv,50.2081,34.3638,-12.16,73,100,4.61,UA,1704754292
554,saham,24.1722,56.8886,17.01,49,0,0.99,OM,1704754292
555,es castell,39.8795,4.2854,4.38,93,0,3.09,ES,1704754293
556,ouarzazat,30.9189,-6.8934,13.16,28,0,1.54,MA,1704754294
557,rezekne,56.5,27.3167,-8.78,96,97,4.21,LV,1704754294
558,uribia,11.7139,-72.266,28.53,57,29,9.29,CO,1704754295
559,eyl,7.9803,49.8164,22.63,58,81,9.64,SO,1704754295
560,saint-denis,48.9167,2.3333,-0.69,87,0,5.14,FR,1704754296
561,saratov,51.5667,46.0333,-13.53,45,100,0.75,RU,1704754296
562,at taj,24.2049,23.2857,16.34,26,100,2.79,LY,1704754297
563,port blair,11.6667,92.75,27.02,74,20,3.6,IN,1704754297
564,kenai,60.5544,-151.2583,-3.81,97,0,1.54,US,1704754298
565,kismayo,-0.3582,42.5454,26.73,77,100,8.11,SO,1704754298
566,kavarna,43.4333,28.3333,-5.4,91,99,9.08,BG,1704754299
567,loukhi,66.0764,33.0381,-9.4,92,100,1.65,RU,1704754299
568,kruisfontein,-34.0033,24.7314,17.71,86,100,1.01,ZA,1704754300
569,al hazm,16.1641,44.7769,13.25,48,3,1.99,YE,1704754300
570,elverum,60.8819,11.5623,-12.42,98,96,0.72,NO,1704754300
571,baalbek,34.0058,36.2181,7.19,39,100,4.24,LB,1704754301
572,nacozari de garcia,30.3742,-109.6908,6.35,18,0,4.66,MX,1704754301
573,pahasu,28.1833,78.05,9.81,51,1,2.57,IN,1704754302
574,amuntai,-2.4177,115.2494,23.42,95,100,0.24,ID,1704754302
575,merritt,50.1123,-120.7942,-0.93,79,100,1.34,CA,1704754303
576,fraga,41.5229,0.3489,3.07,72,69,1.29,ES,1704754303
577,riohacha,11.5444,-72.9072,32.06,48,0,7.2,CO,1704754304
578,smidovich,48.6,133.8167,-28.61,98,43,2.58,RU,1704754304
579,hilo,19.7297,-155.09,28.4,69,20,1.54,US,1704754305
580,hisor,38.525,68.5512,1.86,77,4,1.61,TJ,1704754305
